Workbook

Sheet Inputs
A1: Name | B1: Value
A2: x | B2: 40
A3: n | B3: 20
A4: S | B4: 150000
A5: c | B5: 0.025
A6: i | B6: =4% -> 0.04
A7: v | B7: =(1+B6)^(-1) -> 0.96153846
A8: E0 | B8: 250
A9: e | B9: 400
A10: pi | B10: 7000

Sheet LifeTables
A1: Male Age | B1: lx | E1: Female Age | F1: lx
A2: 0 | B2: 100000 | E2: 0 | F2: 100000
A3: 1 | B3: 99661 | E3: 1 | F3: 99705
A4: 2 | B4: 99641 | E4: 2 | F4: 99685
A5: 3 | B5: 99624 | E5: 3 | F5: 99674
A6: 4 | B6: 99611 | E6: 4 | F6: 99665
A7: 5 | B7: 99602 | E7: 5 | F7: 99656
A8: 6 | B8: 99594 | E8: 6 | F8: 99648
A9: 7 | B9: 99587 | E9: 7 | F9: 99641
A10: 8 | B10: 99580 | E10: 8 | F10: 99635
A11: 9 | B11: 99572 | E11: 9 | F11: 99629
A12: 10 | B12: 99565 | E12: 10 | F12: 99623
A13: 11 | B13: 99558 | E13: 11 | F13: 99618
... A111: 109 | B111: 31 | E111: 109 | F111: 74

Sheet Q1
A1: age | B1: lx_m | C1: qx_m | D1: kp0_m | E1: k|q0_m | F1: lx_f | G1: qx_f | H1: kp0_f | I1: k|q0_f | K1: E[K_0]_m | L1: E[K_0]_f | M1: E[K_60]_m | N1: E[K_60]_f
A2: 0 | B2: 100000 | C2: =($B2-$B3)/$B2 -> 0.00339 | D2: =B2/$B$2 -> 1 | E2: =B2/$B$2-B3/$B$2 -> 0.00339 | F2: 100000 | G2: =($F2-$F3)/$F2 -> 0.00295 | H2: =$F2/$F$2 -> 1 | I2: =$F2/$F$2-$F3/$F$2 -> 0.00295 | K2: =SUM(B3:B102)/$B$2 -> 80.7717 | L2: =SUM(F3:F102)/$F$2 -> 84.74812 | M2: =(SUM(B63:B102)/(B62)) -> 23.923193 | N2: {=SUM((F63:F102)/($F$62))} -> 26.757886
A3: 1 | B3: 99661 | C3: =($B3-$B4)/$B3 -> 0.00020068031 | D3: =B3/$B$2 -> 0.99661 | E3: =B3/$B$2-B4/$B$2 -> 0.0002 | F3: 99705 | G3: =($F3-$F4)/$F3 -> 0.00020059175 | H3: =$F3/$F$2 -> 0.99705 | I3: =$F3/$F$2-$F4/$F$2 -> 0.0002
A4: 2 | B4: 99641 | C4: =($B4-$B5)/$B4 -> 0.0001706125 | D4: =B4/$B$2 -> 0.99641 | E4: =B4/$B$2-B5/$B$2 -> 0.00017 | F4: 99685 | G4: =($F4-$F5)/$F4 -> 0.00011034759 | H4: =$F4/$F$2 -> 0.99685 | I4: =$F4/$F$2-$F5/$F$2 -> 0.00011
A5: 3 | B5: 99624 | C5: =($B5-$B6)/$B5 -> 0.00013049064 | D5: =B5/$B$2 -> 0.99624 | E5: =B5/$B$2-B6/$B$2 -> 0.00013 | F5: 99674 | G5: =($F5-$F6)/$F5 -> 9.029436e-05 | H5: =$F5/$F$2 -> 0.99674 | I5: =$F5/$F$2-$F6/$F$2 -> 9e-05
A6: 4 | B6: 99611 | C6: =($B6-$B7)/$B6 -> 9.0351467e-05 | D6: =B6/$B$2 -> 0.99611 | E6: =B6/$B$2-B7/$B$2 -> 9e-05 | F6: 99665 | G6: =($F6-$F7)/$F6 -> 9.0302513e-05 | H6: =$F6/$F$2 -> 0.99665 | I6: =$F6/$F$2-$F7/$F$2 -> 9e-05
A7: 5 | B7: 99602 | C7: =($B7-$B8)/$B7 -> 8.0319672e-05 | D7: =B7/$B$2 -> 0.99602 | E7: =B7/$B$2-B8/$B$2 -> 8e-05 | F7: 99656 | G7: =($F7-$F8)/$F7 -> 8.027615e-05 | H7: =$F7/$F$2 -> 0.99656 | I7: =$F7/$F$2-$F8/$F$2 -> 8e-05
A8: 6 | B8: 99594 | C8: =($B8-$B9)/$B8 -> 7.0285359e-05 | D8: =B8/$B$2 -> 0.99594 | E8: =B8/$B$2-B9/$B$2 -> 7e-05 | F8: 99648 | G8: =($F8-$F9)/$F8 -> 7.024727e-05 | H8: =$F8/$F$2 -> 0.99648 | I8: =$F8/$F$2-$F9/$F$2 -> 7e-05
A9: 7 | B9: 99587 | C9: =($B9-$B10)/$B9 -> 7.0290299e-05 | D9: =B9/$B$2 -> 0.99587 | E9: =B9/$B$2-B10/$B$2 -> 7e-05 | F9: 99641 | G9: =($F9-$F10)/$F9 -> 6.0216176e-05 | H9: =$F9/$F$2 -> 0.99641 | I9: =$F9/$F$2-$F10/$F$2 -> 6e-05
A10: 8 | B10: 99580 | C10: =($B10-$B11)/$B10 -> 8.0337417e-05 | D10: =B10/$B$2 -> 0.9958 | E10: =B10/$B$2-B11/$B$2 -> 8e-05 | F10: 99635 | G10: =($F10-$F11)/$F10 -> 6.0219802e-05 | H10: =$F10/$F$2 -> 0.99635 | I10: =$F10/$F$2-$F11/$F$2 -> 6e-05
A11: 9 | B11: 99572 | C11: =($B11-$B12)/$B11 -> 7.0300888e-05 | D11: =B11/$B$2 -> 0.99572 | E11: =B11/$B$2-B12/$B$2 -> 7e-05 | F11: 99629 | G11: =($F11-$F12)/$F11 -> 6.0223429e-05 | H11: =$F11/$F$2 -> 0.99629 | I11: =$F11/$F$2-$F12/$F$2 -> 6e-05
A12: 10 | B12: 99565 | C12: =($B12-$B13)/$B12 -> 7.030583e-05 | D12: =B12/$B$2 -> 0.99565 | E12: =B12/$B$2-B13/$B$2 -> 7e-05 | F12: 99623 | G12: =($F12-$F13)/$F12 -> 5.0189213e-05 | H12: =$F12/$F$2 -> 0.99623 | I12: =$F12/$F$2-$F13/$F$2 -> 5e-05
A13: 11 | B13: 99558 | C13: =($B13-$B14)/$B13 -> 9.0399566e-05 | D13: =B13/$B$2 -> 0.99558 | E13: =B13/$B$2-B14/$B$2 -> 9e-05 | F13: 99618 | G13: =($F13-$F14)/$F13 -> 7.0268425e-05 | H13: =$F13/$F$2 -> 0.99618 | I13: =$F13/$F$2-$F14/$F$2 -> 7e-05
A14: 12 | B14: 99549 | C14: =($B14-$B15)/$B14 -> 9.0407739e-05 | D14: =B14/$B$2 -> 0.99549 | E14: =B14/$B$2-B15/$B$2 -> 9e-05 | F14: 99611 | G14: =($F14-$F15)/$F14 -> 7.0273363e-05 | H14: =$F14/$F$2 -> 0.99611 | I14: =$F14/$F$2-$F15/$F$2 -> 7e-05
... A103: 101 | B103: 1531 | C103: =($B103-$B104)/$B103 -> 1 | D103: =B103/$B$2 -> 0.01531 | E103: =B103/$B$2-B104/$B$2 -> 0.01531 | F103: 3154 | G103: =($F103-$F104)/$F103 -> 1 | H103: =$F103/$F$2 -> 0.03154 | I103: =$F103/$F$2-$F104/$F$2 -> 0.03154

Sheet Q2
A1: k | B1: q_{x+k} | C1: p_{x+k} | D1: {}_k p_x | E1: {}_k I q_x | G1: Benefit S(1+c)^k | H1: v^{k+1} | J1: EPV contrib | L1: A = sum v^k {}_k p_x | M1: EPV_B | N1: EPV_E | O1: g0 | P1: g_pi | R1: Param | S1: Value | T1: EPV_B | V1: v^{k+1}; i = 0.03 | W1: v^{k+1}; i = 0.05 | X1: Benefit; c=0.015 | Y1: Benefit; c=0.035
A2: 0 | B2: =1-(_xlfn.XLOOKUP(Inputs!$B$2+A2+1,LifeTables!A:A, LifeTables!B:B)/_xlfn.XLOOKUP(Inputs!$B$2+ A2,LifeTables!A:A, LifeTables!B:B)) -> 0.0012479286 | C2: =(_xlfn.XLOOKUP(Inputs!$B$2+A2+1,LifeTables!A:A, LifeTables!B:B)/_xlfn.XLOOKUP(Inputs!$B$2+ A2,LifeTables!A:A, LifeTables!B:B)) -> 0.99875207 | D2: =(_xlfn.XLOOKUP(Inputs!$B$2+A2,LifeTables!A:A, LifeTables!B:B)/_xlfn.XLOOKUP(Inputs!$B$2,LifeTables!A:A, LifeTables!B:B)) -> 1 | E2: =((_xlfn.XLOOKUP(Inputs!$B$2+A2,LifeTables!A:A, LifeTables!B:B)-_xlfn.XLOOKUP(Inputs!$B$2+A2+1,LifeTables!A:A, LifeTables!B:B))/_xlfn.XLOOKUP(Inputs!$B$2,LifeTables!A:A, LifeTables!B:B)) -> 0.0012479286 | G2: =Inputs!$B$4*((1+Inputs!$B$5)^A2) -> 150000 | H2: =Inputs!$B$7^($A2+1) -> 0.96153846 | J2: =$G2*$E2*$H2 -> 179.98971 | L2: {=SUM(Inputs!$B$7^'Q2'!A2:A21*D2:D21)} -> 13.897063 | M2: =SUM(J2:J21) -> 6989.1363 | N2: {=Inputs!$B$8+Inputs!$B$9*SUMPRODUCT(D3:D21,Inputs!B7^'Q2'!A3:A21)} -> 5408.8251 | O2: =(M2+N2)/L2 -> 892.12819 | P2: =(M2+N2+Inputs!$B$10)/L2 -> 1395.8318 | R2: i | S2: 0.03 | T2: =SUMPRODUCT(G2:G21,E2:E21,V2:V21) -> 7902.4594 | V2: =((1+$S$2)^(-1))^($A2+1) -> 0.97087379 | W2: =((1+$S$3)^(-1))^($A2+1) -> 0.95238095 | X2: =Inputs!$B$4*((1+$S$4)^$A2) -> 150000 | Y2: =Inputs!$B$4*((1+$S$5)^$A2) -> 150000
A3: 1 | B3: =1-(_xlfn.XLOOKUP(Inputs!$B$2+A3+1,LifeTables!A:A, LifeTables!B:B)/_xlfn.XLOOKUP(Inputs!$B$2+ A3,LifeTables!A:A, LifeTables!B:B)) -> 0.001351905 | C3: =(_xlfn.XLOOKUP(Inputs!$B$2+A3+1,LifeTables!A:A, LifeTables!B:B)/_xlfn.XLOOKUP(Inputs!$B$2+ A3,LifeTables!A:A, LifeTables!B:B)) -> 0.9986481 | D3: =(_xlfn.XLOOKUP(Inputs!$B$2+A3,LifeTables!A:A, LifeTables!B:B)/_xlfn.XLOOKUP(Inputs!$B$2,LifeTables!A:A, LifeTables!B:B)) -> 0.99875207 | E3: =((_xlfn.XLOOKUP(Inputs!$B$2+A3,LifeTables!A:A, LifeTables!B:B)-_xlfn.XLOOKUP(Inputs!$B$2+A3+1,LifeTables!A:A, LifeTables!B:B))/_xlfn.XLOOKUP(Inputs!$B$2,LifeTables!A:A, LifeTables!B:B)) -> 0.0013502179 | G3: =Inputs!$B$4*((1+Inputs!$B$5)^A3) -> 153750 | H3: =Inputs!$B$7^($A3+1) -> 0.92455621 | J3: =$G3*$E3*$H3 -> 191.93417 | R3: i | S3: 0.05 | T3: =SUMPRODUCT(G2:G21,E2:E21,W2:W21) -> 6206.1603 | V3: =((1+$S$2)^(-1))^($A3+1) -> 0.94259591 | W3: =((1+$S$3)^(-1))^($A3+1) -> 0.90702948 | X3: =Inputs!$B$4*((1+$S$4)^$A3) -> 152250 | Y3: =Inputs!$B$4*((1+$S$5)^$A3) -> 155250
A4: 2 | B4: =1-(_xlfn.XLOOKUP(Inputs!$B$2+A4+1,LifeTables!A:A, LifeTables!B:B)/_xlfn.XLOOKUP(Inputs!$B$2+ A4,LifeTables!A:A, LifeTables!B:B)) -> 0.0014460352 | C4: =(_xlfn.XLOOKUP(Inputs!$B$2+A4+1,LifeTables!A:A, LifeTables!B:B)/_xlfn.XLOOKUP(Inputs!$B$2+ A4,LifeTables!A:A, LifeTables!B:B)) -> 0.99855396 | D4: =(_xlfn.XLOOKUP(Inputs!$B$2+A4,LifeTables!A:A, LifeTables!B:B)/_xlfn.XLOOKUP(Inputs!$B$2,LifeTables!A:A, LifeTables!B:B)) -> 0.99740185 | E4: =((_xlfn.XLOOKUP(Inputs!$B$2+A4,LifeTables!A:A, LifeTables!B:B)-_xlfn.XLOOKUP(Inputs!$B$2+A4+1,LifeTables!A:A, LifeTables!B:B))/_xlfn.XLOOKUP(Inputs!$B$2,LifeTables!A:A, LifeTables!B:B)) -> 0.0014422782 | G4: =Inputs!$B$4*((1+Inputs!$B$5)^A4) -> 157593.75 | H4: =Inputs!$B$7^($A4+1) -> 0.88899636 | J4: =$G4*$E4*$H4 -> 202.06356 | R4: c | S4: 0.015 | T4: =SUMPRODUCT(X2:X21,H2:H21,E2:E21) -> 6249.304 | V4: =((1+$S$2)^(-1))^($A4+1) -> 0.91514166 | W4: =((1+$S$3)^(-1))^($A4+1) -> 0.8638376 | X4: =Inputs!$B$4*((1+$S$4)^$A4) -> 154533.75 | Y4: =Inputs!$B$4*((1+$S$5)^$A4) -> 160683.75
A5: 3 | B5: =1-(_xlfn.XLOOKUP(Inputs!$B$2+A5+1,LifeTables!A:A, LifeTables!B:B)/_xlfn.XLOOKUP(Inputs!$B$2+ A5,LifeTables!A:A, LifeTables!B:B)) -> 0.0015713743 | C5: =(_xlfn.XLOOKUP(Inputs!$B$2+A5+1,LifeTables!A:A, LifeTables!B:B)/_xlfn.XLOOKUP(Inputs!$B$2+ A5,LifeTables!A:A, LifeTables!B:B)) -> 0.99842863 | D5: =(_xlfn.XLOOKUP(Inputs!$B$2+A5,LifeTables!A:A, LifeTables!B:B)/_xlfn.XLOOKUP(Inputs!$B$2,LifeTables!A:A, LifeTables!B:B)) -> 0.99595958 | E5: =((_xlfn.XLOOKUP(Inputs!$B$2+A5,LifeTables!A:A, LifeTables!B:B)-_xlfn.XLOOKUP(Inputs!$B$2+A5+1,LifeTables!A:A, LifeTables!B:B))/_xlfn.XLOOKUP(Inputs!$B$2,LifeTables!A:A, LifeTables!B:B)) -> 0.0015650253 | G5: =Inputs!$B$4*((1+Inputs!$B$5)^A5) -> 161533.59 | H5: =Inputs!$B$7^($A5+1) -> 0.85480419 | J5: =$G5*$E5*$H5 -> 216.09805 | R5: c | S5: 0.035 | T5: =SUMPRODUCT(Y2:Y21,H2:H21,E2:E21) -> 7830.8284 | V5: =((1+$S$2)^(-1))^($A5+1) -> 0.88848705 | W5: =((1+$S$3)^(-1))^($A5+1) -> 0.82270247 | X5: =Inputs!$B$4*((1+$S$4)^$A5) -> 156851.76 | Y5: =Inputs!$B$4*((1+$S$5)^$A5) -> 166307.68
A6: 4 | B6: =1-(_xlfn.XLOOKUP(Inputs!$B$2+A6+1,LifeTables!A:A, LifeTables!B:B)/_xlfn.XLOOKUP(Inputs!$B$2+ A6,LifeTables!A:A, LifeTables!B:B)) -> 0.0016972864 | C6: =(_xlfn.XLOOKUP(Inputs!$B$2+A6+1,LifeTables!A:A, LifeTables!B:B)/_xlfn.XLOOKUP(Inputs!$B$2+ A6,LifeTables!A:A, LifeTables!B:B)) -> 0.99830271 | D6: =(_xlfn.XLOOKUP(Inputs!$B$2+A6,LifeTables!A:A, LifeTables!B:B)/_xlfn.XLOOKUP(Inputs!$B$2,LifeTables!A:A, LifeTables!B:B)) -> 0.99439455 | E6: =((_xlfn.XLOOKUP(Inputs!$B$2+A6,LifeTables!A:A, LifeTables!B:B)-_xlfn.XLOOKUP(Inputs!$B$2+A6+1,LifeTables!A:A, LifeTables!B:B))/_xlfn.XLOOKUP(Inputs!$B$2,LifeTables!A:A, LifeTables!B:B)) -> 0.0016877723 | G6: =Inputs!$B$4*((1+Inputs!$B$5)^A6) -> 165571.93 | H6: =Inputs!$B$7^($A6+1) -> 0.82192711 | J6: =$G6*$E6*$H6 -> 229.68566 | V6: =((1+$S$2)^(-1))^($A6+1) -> 0.86260878 | W6: =((1+$S$3)^(-1))^($A6+1) -> 0.78352617 | X6: =Inputs!$B$4*((1+$S$4)^$A6) -> 159204.53 | Y6: =Inputs!$B$4*((1+$S$5)^$A6) -> 172128.45
A7: 5 | B7: =1-(_xlfn.XLOOKUP(Inputs!$B$2+A7+1,LifeTables!A:A, LifeTables!B:B)/_xlfn.XLOOKUP(Inputs!$B$2+ A7,LifeTables!A:A, LifeTables!B:B)) -> 0.001834125 | C7: =(_xlfn.XLOOKUP(Inputs!$B$2+A7+1,LifeTables!A:A, LifeTables!B:B)/_xlfn.XLOOKUP(Inputs!$B$2+ A7,LifeTables!A:A, LifeTables!B:B)) -> 0.99816587 | D7: =(_xlfn.XLOOKUP(Inputs!$B$2+A7,LifeTables!A:A, LifeTables!B:B)/_xlfn.XLOOKUP(Inputs!$B$2,LifeTables!A:A, LifeTables!B:B)) -> 0.99270678 | E7: =((_xlfn.XLOOKUP(Inputs!$B$2+A7,LifeTables!A:A, LifeTables!B:B)-_xlfn.XLOOKUP(Inputs!$B$2+A7+1,LifeTables!A:A, LifeTables!B:B))/_xlfn.XLOOKUP(Inputs!$B$2,LifeTables!A:A, LifeTables!B:B)) -> 0.0018207483 | G7: =Inputs!$B$4*((1+Inputs!$B$5)^A7) -> 169711.23 | H7: =Inputs!$B$7^($A7+1) -> 0.79031453 | J7: =$G7*$E7*$H7 -> 244.20833 | V7: =((1+$S$2)^(-1))^($A7+1) -> 0.83748426 | W7: =((1+$S$3)^(-1))^($A7+1) -> 0.7462154 | X7: =Inputs!$B$4*((1+$S$4)^$A7) -> 161592.6 | Y7: =Inputs!$B$4*((1+$S$5)^$A7) -> 178152.95
A8: 6 | B8: =1-(_xlfn.XLOOKUP(Inputs!$B$2+A8+1,LifeTables!A:A, LifeTables!B:B)/_xlfn.XLOOKUP(Inputs!$B$2+ A8,LifeTables!A:A, LifeTables!B:B)) -> 0.0019820173 | C8: =(_xlfn.XLOOKUP(Inputs!$B$2+A8+1,LifeTables!A:A, LifeTables!B:B)/_xlfn.XLOOKUP(Inputs!$B$2+ A8,LifeTables!A:A, LifeTables!B:B)) -> 0.99801798 | D8: =(_xlfn.XLOOKUP(Inputs!$B$2+A8,LifeTables!A:A, LifeTables!B:B)/_xlfn.XLOOKUP(Inputs!$B$2,LifeTables!A:A, LifeTables!B:B)) -> 0.99088603 | E8: =((_xlfn.XLOOKUP(Inputs!$B$2+A8,LifeTables!A:A, LifeTables!B:B)-_xlfn.XLOOKUP(Inputs!$B$2+A8+1,LifeTables!A:A, LifeTables!B:B))/_xlfn.XLOOKUP(Inputs!$B$2,LifeTables!A:A, LifeTables!B:B)) -> 0.0019639533 | G8: =Inputs!$B$4*((1+Inputs!$B$5)^A8) -> 173954.01 | H8: =Inputs!$B$7^($A8+1) -> 0.75991781 | J8: =$G8*$E8*$H8 -> 259.61646 | V8: =((1+$S$2)^(-1))^($A8+1) -> 0.81309151 | W8: =((1+$S$3)^(-1))^($A8+1) -> 0.71068133 | X8: =Inputs!$B$4*((1+$S$4)^$A8) -> 164016.49 | Y8: =Inputs!$B$4*((1+$S$5)^$A8) -> 184388.3
A9: 7 | B9: =1-(_xlfn.XLOOKUP(Inputs!$B$2+A9+1,LifeTables!A:A, LifeTables!B:B)/_xlfn.XLOOKUP(Inputs!$B$2+ A9,LifeTables!A:A, LifeTables!B:B)) -> 0.0021617932 | C9: =(_xlfn.XLOOKUP(Inputs!$B$2+A9+1,LifeTables!A:A, LifeTables!B:B)/_xlfn.XLOOKUP(Inputs!$B$2+ A9,LifeTables!A:A, LifeTables!B:B)) -> 0.99783821 | D9: =(_xlfn.XLOOKUP(Inputs!$B$2+A9,LifeTables!A:A, LifeTables!B:B)/_xlfn.XLOOKUP(Inputs!$B$2,LifeTables!A:A, LifeTables!B:B)) -> 0.98892208 | E9: =((_xlfn.XLOOKUP(Inputs!$B$2+A9,LifeTables!A:A, LifeTables!B:B)-_xlfn.XLOOKUP(Inputs!$B$2+A9+1,LifeTables!A:A, LifeTables!B:B))/_xlfn.XLOOKUP(Inputs!$B$2,LifeTables!A:A, LifeTables!B:B)) -> 0.002137845 | G9: =Inputs!$B$4*((1+Inputs!$B$5)^A9) -> 178302.86 | H9: =Inputs!$B$7^($A9+1) -> 0.73069021 | J9: =$G9*$E9*$H9 -> 278.52733 | V9: =((1+$S$2)^(-1))^($A9+1) -> 0.78940923 | W9: =((1+$S$3)^(-1))^($A9+1) -> 0.67683936 | X9: =Inputs!$B$4*((1+$S$4)^$A9) -> 166476.74 | Y9: =Inputs!$B$4*((1+$S$5)^$A9) -> 190841.89
A10: 8 | B10: =1-(_xlfn.XLOOKUP(Inputs!$B$2+A10+1,LifeTables!A:A, LifeTables!B:B)/_xlfn.XLOOKUP(Inputs!$B$2+ A10,LifeTables!A:A, LifeTables!B:B)) -> 0.0023323313 | C10: =(_xlfn.XLOOKUP(Inputs!$B$2+A10+1,LifeTables!A:A, LifeTables!B:B)/_xlfn.XLOOKUP(Inputs!$B$2+ A10,LifeTables!A:A, LifeTables!B:B)) -> 0.99766767 | D10: =(_xlfn.XLOOKUP(Inputs!$B$2+A10,LifeTables!A:A, LifeTables!B:B)/_xlfn.XLOOKUP(Inputs!$B$2,LifeTables!A:A, LifeTables!B:B)) -> 0.98678423 | E10: =((_xlfn.XLOOKUP(Inputs!$B$2+A10,LifeTables!A:A, LifeTables!B:B)-_xlfn.XLOOKUP(Inputs!$B$2+A10+1,LifeTables!A:A, LifeTables!B:B))/_xlfn.XLOOKUP(Inputs!$B$2,LifeTables!A:A, LifeTables!B:B)) -> 0.0023015077 | G10: =Inputs!$B$4*((1+Inputs!$B$5)^A10) -> 182760.43 | H10: =Inputs!$B$7^($A10+1) -> 0.70258674 | J10: =$G10*$E10*$H10 -> 295.52523 | V10: =((1+$S$2)^(-1))^($A10+1) -> 0.76641673 | W10: =((1+$S$3)^(-1))^($A10+1) -> 0.64460892 | X10: =Inputs!$B$4*((1+$S$4)^$A10) -> 168973.89 | Y10: =Inputs!$B$4*((1+$S$5)^$A10) -> 197521.36
A11: 9 | B11: =1-(_xlfn.XLOOKUP(Inputs!$B$2+A11+1,LifeTables!A:A, LifeTables!B:B)/_xlfn.XLOOKUP(Inputs!$B$2+ A11,LifeTables!A:A, LifeTables!B:B)) -> 0.0025455868 | C11: =(_xlfn.XLOOKUP(Inputs!$B$2+A11+1,LifeTables!A:A, LifeTables!B:B)/_xlfn.XLOOKUP(Inputs!$B$2+ A11,LifeTables!A:A, LifeTables!B:B)) -> 0.99745441 | D11: =(_xlfn.XLOOKUP(Inputs!$B$2+A11,LifeTables!A:A, LifeTables!B:B)/_xlfn.XLOOKUP(Inputs!$B$2,LifeTables!A:A, LifeTables!B:B)) -> 0.98448272 | E11: =((_xlfn.XLOOKUP(Inputs!$B$2+A11,LifeTables!A:A, LifeTables!B:B)-_xlfn.XLOOKUP(Inputs!$B$2+A11+1,LifeTables!A:A, LifeTables!B:B))/_xlfn.XLOOKUP(Inputs!$B$2,LifeTables!A:A, LifeTables!B:B)) -> 0.0025060862 | G11: =Inputs!$B$4*((1+Inputs!$B$5)^A11) -> 187329.45 | H11: =Inputs!$B$7^($A11+1) -> 0.67556417 | J11: =$G11*$E11*$H11 -> 317.15288 | V11: =((1+$S$2)^(-1))^($A11+1) -> 0.74409391 | W11: =((1+$S$3)^(-1))^($A11+1) -> 0.61391325 | X11: =Inputs!$B$4*((1+$S$4)^$A11) -> 171508.5 | Y11: =Inputs!$B$4*((1+$S$5)^$A11) -> 204434.6
A12: 10 | B12: =1-(_xlfn.XLOOKUP(Inputs!$B$2+A12+1,LifeTables!A:A, LifeTables!B:B)/_xlfn.XLOOKUP(Inputs!$B$2+ A12,LifeTables!A:A, LifeTables!B:B)) -> 0.00275 | C12: =(_xlfn.XLOOKUP(Inputs!$B$2+A12+1,LifeTables!A:A, LifeTables!B:B)/_xlfn.XLOOKUP(Inputs!$B$2+ A12,LifeTables!A:A, LifeTables!B:B)) -> 0.99725 | D12: =(_xlfn.XLOOKUP(Inputs!$B$2+A12,LifeTables!A:A, LifeTables!B:B)/_xlfn.XLOOKUP(Inputs!$B$2,LifeTables!A:A, LifeTables!B:B)) -> 0.98197664 | E12: =((_xlfn.XLOOKUP(Inputs!$B$2+A12,LifeTables!A:A, LifeTables!B:B)-_xlfn.XLOOKUP(Inputs!$B$2+A12+1,LifeTables!A:A, LifeTables!B:B))/_xlfn.XLOOKUP(Inputs!$B$2,LifeTables!A:A, LifeTables!B:B)) -> 0.0027004358 | G12: =Inputs!$B$4*((1+Inputs!$B$5)^A12) -> 192012.68 | H12: =Inputs!$B$7^($A12+1) -> 0.64958093 | J12: =$G12*$E12*$H12 -> 336.81935 | V12: =((1+$S$2)^(-1))^($A12+1) -> 0.72242128 | W12: =((1+$S$3)^(-1))^($A12+1) -> 0.58467929 | X12: =Inputs!$B$4*((1+$S$4)^$A12) -> 174081.12 | Y12: =Inputs!$B$4*((1+$S$5)^$A12) -> 211589.81
A13: 11 | B13: =1-(_xlfn.XLOOKUP(Inputs!$B$2+A13+1,LifeTables!A:A, LifeTables!B:B)/_xlfn.XLOOKUP(Inputs!$B$2+ A13,LifeTables!A:A, LifeTables!B:B)) -> 0.0029978274 | C13: =(_xlfn.XLOOKUP(Inputs!$B$2+A13+1,LifeTables!A:A, LifeTables!B:B)/_xlfn.XLOOKUP(Inputs!$B$2+ A13,LifeTables!A:A, LifeTables!B:B)) -> 0.99700217 | D13: =(_xlfn.XLOOKUP(Inputs!$B$2+A13,LifeTables!A:A, LifeTables!B:B)/_xlfn.XLOOKUP(Inputs!$B$2,LifeTables!A:A, LifeTables!B:B)) -> 0.9792762 | E13: =((_xlfn.XLOOKUP(Inputs!$B$2+A13,LifeTables!A:A, LifeTables!B:B)-_xlfn.XLOOKUP(Inputs!$B$2+A13+1,LifeTables!A:A, LifeTables!B:B))/_xlfn.XLOOKUP(Inputs!$B$2,LifeTables!A:A, LifeTables!B:B)) -> 0.002935701 | G13: =Inputs!$B$4*((1+Inputs!$B$5)^A13) -> 196813 | H13: =Inputs!$B$7^($A13+1) -> 0.62459705 | J13: =$G13*$E13*$H13 -> 360.88225 | V13: =((1+$S$2)^(-1))^($A13+1) -> 0.70137988 | W13: =((1+$S$3)^(-1))^($A13+1) -> 0.55683742 | X13: =Inputs!$B$4*((1+$S$4)^$A13) -> 176692.34 | Y13: =Inputs!$B$4*((1+$S$5)^$A13) -> 218995.46
A14: 12 | B14: =1-(_xlfn.XLOOKUP(Inputs!$B$2+A14+1,LifeTables!A:A, LifeTables!B:B)/_xlfn.XLOOKUP(Inputs!$B$2+ A14,LifeTables!A:A, LifeTables!B:B)) -> 0.0032373309 | C14: =(_xlfn.XLOOKUP(Inputs!$B$2+A14+1,LifeTables!A:A, LifeTables!B:B)/_xlfn.XLOOKUP(Inputs!$B$2+ A14,LifeTables!A:A, LifeTables!B:B)) -> 0.99676267 | D14: =(_xlfn.XLOOKUP(Inputs!$B$2+A14,LifeTables!A:A, LifeTables!B:B)/_xlfn.XLOOKUP(Inputs!$B$2,LifeTables!A:A, LifeTables!B:B)) -> 0.9763405 | E14: =((_xlfn.XLOOKUP(Inputs!$B$2+A14,LifeTables!A:A, LifeTables!B:B)-_xlfn.XLOOKUP(Inputs!$B$2+A14+1,LifeTables!A:A, LifeTables!B:B))/_xlfn.XLOOKUP(Inputs!$B$2,LifeTables!A:A, LifeTables!B:B)) -> 0.0031607373 | G14: =Inputs!$B$4*((1+Inputs!$B$5)^A14) -> 201733.32 | H14: =Inputs!$B$7^($A14+1) -> 0.60057409 | J14: =$G14*$E14*$H14 -> 382.94168 | V14: =((1+$S$2)^(-1))^($A14+1) -> 0.68095134 | W14: =((1+$S$3)^(-1))^($A14+1) -> 0.53032135 | X14: =Inputs!$B$4*((1+$S$4)^$A14) -> 179342.73 | Y14: =Inputs!$B$4*((1+$S$5)^$A14) -> 226660.3
A15: 13 | B15: =1-(_xlfn.XLOOKUP(Inputs!$B$2+A15+1,LifeTables!A:A, LifeTables!B:B)/_xlfn.XLOOKUP(Inputs!$B$2+ A15,LifeTables!A:A, LifeTables!B:B)) -> 0.0035211268 | C15: =(_xlfn.XLOOKUP(Inputs!$B$2+A15+1,LifeTables!A:A, LifeTables!B:B)/_xlfn.XLOOKUP(Inputs!$B$2+ A15,LifeTables!A:A, LifeTables!B:B)) -> 0.99647887 | D15: =(_xlfn.XLOOKUP(Inputs!$B$2+A15,LifeTables!A:A, LifeTables!B:B)/_xlfn.XLOOKUP(Inputs!$B$2,LifeTables!A:A, LifeTables!B:B)) -> 0.97317976 | E15: =((_xlfn.XLOOKUP(Inputs!$B$2+A15,LifeTables!A:A, LifeTables!B:B)-_xlfn.XLOOKUP(Inputs!$B$2+A15+1,LifeTables!A:A, LifeTables!B:B))/_xlfn.XLOOKUP(Inputs!$B$2,LifeTables!A:A, LifeTables!B:B)) -> 0.0034266893 | G15: =Inputs!$B$4*((1+Inputs!$B$5)^A15) -> 206776.66 | H15: =Inputs!$B$7^($A15+1) -> 0.57747508 | J15: =$G15*$E15*$H15 -> 409.17537 | V15: =((1+$S$2)^(-1))^($A15+1) -> 0.66111781 | W15: =((1+$S$3)^(-1))^($A15+1) -> 0.50506795 | X15: =Inputs!$B$4*((1+$S$4)^$A15) -> 182032.87 | Y15: =Inputs!$B$4*((1+$S$5)^$A15) -> 234593.41
A16: 14 | B16: =1-(_xlfn.XLOOKUP(Inputs!$B$2+A16+1,LifeTables!A:A, LifeTables!B:B)/_xlfn.XLOOKUP(Inputs!$B$2+ A16,LifeTables!A:A, LifeTables!B:B)) -> 0.003828912 | C16: =(_xlfn.XLOOKUP(Inputs!$B$2+A16+1,LifeTables!A:A, LifeTables!B:B)/_xlfn.XLOOKUP(Inputs!$B$2+ A16,LifeTables!A:A, LifeTables!B:B)) -> 0.99617109 | D16: =(_xlfn.XLOOKUP(Inputs!$B$2+A16,LifeTables!A:A, LifeTables!B:B)/_xlfn.XLOOKUP(Inputs!$B$2,LifeTables!A:A, LifeTables!B:B)) -> 0.96975307 | E16: =((_xlfn.XLOOKUP(Inputs!$B$2+A16,LifeTables!A:A, LifeTables!B:B)-_xlfn.XLOOKUP(Inputs!$B$2+A16+1,LifeTables!A:A, LifeTables!B:B))/_xlfn.XLOOKUP(Inputs!$B$2,LifeTables!A:A, LifeTables!B:B)) -> 0.0037130992 | G16: =Inputs!$B$4*((1+Inputs!$B$5)^A16) -> 211946.07 | H16: =Inputs!$B$7^($A16+1) -> 0.5552645 | J16: =$G16*$E16*$H16 -> 436.98027 | V16: =((1+$S$2)^(-1))^($A16+1) -> 0.64186195 | W16: =((1+$S$3)^(-1))^($A16+1) -> 0.4810171 | X16: =Inputs!$B$4*((1+$S$4)^$A16) -> 184763.36 | Y16: =Inputs!$B$4*((1+$S$5)^$A16) -> 242804.18
A17: 15 | B17: =1-(_xlfn.XLOOKUP(Inputs!$B$2+A17+1,LifeTables!A:A, LifeTables!B:B)/_xlfn.XLOOKUP(Inputs!$B$2+ A17,LifeTables!A:A, LifeTables!B:B)) -> 0.0041401072 | C17: =(_xlfn.XLOOKUP(Inputs!$B$2+A17+1,LifeTables!A:A, LifeTables!B:B)/_xlfn.XLOOKUP(Inputs!$B$2+ A17,LifeTables!A:A, LifeTables!B:B)) -> 0.99585989 | D17: =(_xlfn.XLOOKUP(Inputs!$B$2+A17,LifeTables!A:A, LifeTables!B:B)/_xlfn.XLOOKUP(Inputs!$B$2,LifeTables!A:A, LifeTables!B:B)) -> 0.96603997 | E17: =((_xlfn.XLOOKUP(Inputs!$B$2+A17,LifeTables!A:A, LifeTables!B:B)-_xlfn.XLOOKUP(Inputs!$B$2+A17+1,LifeTables!A:A, LifeTables!B:B))/_xlfn.XLOOKUP(Inputs!$B$2,LifeTables!A:A, LifeTables!B:B)) -> 0.003999509 | G17: =Inputs!$B$4*((1+Inputs!$B$5)^A17) -> 217244.72 | H17: =Inputs!$B$7^($A17+1) -> 0.53390818 | J17: =$G17*$E17*$H17 -> 463.89799 | V17: =((1+$S$2)^(-1))^($A17+1) -> 0.62316694 | W17: =((1+$S$3)^(-1))^($A17+1) -> 0.45811152 | X17: =Inputs!$B$4*((1+$S$4)^$A17) -> 187534.81 | Y17: =Inputs!$B$4*((1+$S$5)^$A17) -> 251302.32
... A21: 19 | B21: =1-(_xlfn.XLOOKUP(Inputs!$B$2+A21+1,LifeTables!A:A, LifeTables!B:B)/_xlfn.XLOOKUP(Inputs!$B$2+ A21,LifeTables!A:A, LifeTables!B:B)) -> 0.0057728622 | C21: =(_xlfn.XLOOKUP(Inputs!$B$2+A21+1,LifeTables!A:A, LifeTables!B:B)/_xlfn.XLOOKUP(Inputs!$B$2+ A21,LifeTables!A:A, LifeTables!B:B)) -> 0.99422714 | D21: =(_xlfn.XLOOKUP(Inputs!$B$2+A21,LifeTables!A:A, LifeTables!B:B)/_xlfn.XLOOKUP(Inputs!$B$2,LifeTables!A:A, LifeTables!B:B)) -> 0.94796547 | E21: =((_xlfn.XLOOKUP(Inputs!$B$2+A21,LifeTables!A:A, LifeTables!B:B)-_xlfn.XLOOKUP(Inputs!$B$2+A21+1,LifeTables!A:A, LifeTables!B:B))/_xlfn.XLOOKUP(Inputs!$B$2,LifeTables!A:A, LifeTables!B:B)) -> 0.005472474 | G21: =Inputs!$B$4*((1+Inputs!$B$5)^A21) -> 239797.53 | H21: =Inputs!$B$7^($A21+1) -> 0.45638695 | J21: =$G21*$E21*$H21 -> 598.91008 | V21: =((1+$S$2)^(-1))^($A21+1) -> 0.55367575 | W21: =((1+$S$3)^(-1))^($A21+1) -> 0.37688948 | X21: =Inputs!$B$4*((1+$S$4)^$A21) -> 199042.61 | Y21: =Inputs!$B$4*((1+$S$5)^$A21) -> 288375.2
A22: 20 | B22: =1-(_xlfn.XLOOKUP(Inputs!$B$2+A22+1,LifeTables!A:A, LifeTables!B:B)/_xlfn.XLOOKUP(Inputs!$B$2+ A22,LifeTables!A:A, LifeTables!B:B)) -> 0.0062622097 | C22: =(_xlfn.XLOOKUP(Inputs!$B$2+A22+1,LifeTables!A:A, LifeTables!B:B)/_xlfn.XLOOKUP(Inputs!$B$2+ A22,LifeTables!A:A, LifeTables!B:B)) -> 0.99373779 | D22: =(_xlfn.XLOOKUP(Inputs!$B$2+A22,LifeTables!A:A, LifeTables!B:B)/_xlfn.XLOOKUP(Inputs!$B$2,LifeTables!A:A, LifeTables!B:B)) -> 0.94249299 | E22: =((_xlfn.XLOOKUP(Inputs!$B$2+A22,LifeTables!A:A, LifeTables!B:B)-_xlfn.XLOOKUP(Inputs!$B$2+A22+1,LifeTables!A:A, LifeTables!B:B))/_xlfn.XLOOKUP(Inputs!$B$2,LifeTables!A:A, LifeTables!B:B)) -> 0.0059020887 | G22: =Inputs!$B$4*((1+Inputs!$B$5)^A22) -> 245792.47 | H22: =Inputs!$B$7^($A22+1) -> 0.4388336 | V22: =((1+$S$2)^(-1))^($A22+1) -> 0.53754928 | W22: =((1+$S$3)^(-1))^($A22+1) -> 0.35894236 | X22: =Inputs!$B$4*((1+$S$4)^$A22) -> 202028.25 | Y22: =Inputs!$B$4*((1+$S$5)^$A22) -> 298468.33

Sheet Q3
A1: k | B1: p_{x+k} | C1: q_{x+k} | D1: S(1+c)^k | F1: V^{pro}_{k} | G1: {}_k p_x | H1: E[F_x(k)]
A2: 0 | B2: ='Q2'!$C2 -> 0.99875207 | C2: ='Q2'!$B2 -> 0.0012479286 | D2: ='Q2'!$G2 -> 150000 | F2: =(($B2*$F3+$C2*$D2)/(1+Inputs!$B$6))+Inputs!$B$8-'Q2'!$O$2 -> 2.0804691e-11 | G2: ='Q2'!$D2 -> 1 | H2: =$F2*$G2 -> 2.0804691e-11
A3: 1 | B3: ='Q2'!$C3 -> 0.9986481 | C3: ='Q2'!$B3 -> 0.001351905 | D3: ='Q2'!$G3 -> 153750 | F3: =(($B3*$F4+$C3*$D3)/(1+Inputs!$B$6))+Inputs!$B$9-'Q2'!$O$2 -> 481.22455 | G3: ='Q2'!$D3 -> 0.99875207 | H3: =$F3*$G3 -> 480.62402
A4: 2 | B4: ='Q2'!$C4 -> 0.99855396 | C4: ='Q2'!$B4 -> 0.0014460352 | D4: ='Q2'!$G4 -> 157593.75 | F4: =(($B4*$F5+$C4*$D4)/(1+Inputs!$B$6))+Inputs!$B$9-'Q2'!$O$2 -> 805.52045 | G4: ='Q2'!$D4 -> 0.99740185 | H4: =$F4*$G4 -> 803.42759
A5: 3 | B5: ='Q2'!$C5 -> 0.99842863 | C5: ='Q2'!$B5 -> 0.0015713743 | D5: ='Q2'!$G5 -> 161533.59 | F5: =(($B5*$F6+$C5*$D5)/(1+Inputs!$B$6))+Inputs!$B$9-'Q2'!$O$2 -> 1123.2928 | G5: ='Q2'!$D5 -> 0.99595958 | H5: =$F5*$G5 -> 1118.7542
A6: 4 | B6: ='Q2'!$C6 -> 0.99830271 | C6: ='Q2'!$B6 -> 0.0016972864 | D6: ='Q2'!$G6 -> 165571.93 | F6: =(($B6*$F7+$C6*$D6)/(1+Inputs!$B$6))+Inputs!$B$9-'Q2'!$O$2 -> 1428.4527 | G6: ='Q2'!$D6 -> 0.99439455 | H6: =$F6*$G6 -> 1420.4456
A7: 5 | B7: ='Q2'!$C7 -> 0.99816587 | C7: ='Q2'!$B7 -> 0.001834125 | D7: ='Q2'!$G7 -> 169711.23 | F7: =(($B7*$F8+$C7*$D7)/(1+Inputs!$B$6))+Inputs!$B$9-'Q2'!$O$2 -> 1719.2993 | G7: ='Q2'!$D7 -> 0.99270678 | H7: =$F7*$G7 -> 1706.7601
A8: 6 | B8: ='Q2'!$C8 -> 0.99801798 | C8: ='Q2'!$B8 -> 0.0019820173 | D8: ='Q2'!$G8 -> 173954.01 | F8: =(($B8*$F9+$C8*$D8)/(1+Inputs!$B$6))+Inputs!$B$9-'Q2'!$O$2 -> 1992.267 | G8: ='Q2'!$D8 -> 0.99088603 | H8: =$F8*$G8 -> 1974.1096
A9: 7 | B9: ='Q2'!$C9 -> 0.99783821 | C9: ='Q2'!$B9 -> 0.0021617932 | D9: ='Q2'!$G9 -> 178302.86 | F9: =(($B9*$F10+$C9*$D9)/(1+Inputs!$B$6))+Inputs!$B$9-'Q2'!$O$2 -> 2243.4377 | G9: ='Q2'!$D9 -> 0.98892208 | H9: =$F9*$G9 -> 2218.5851
A10: 8 | B10: ='Q2'!$C10 -> 0.99766767 | C10: ='Q2'!$B10 -> 0.0023323313 | D10: ='Q2'!$G10 -> 182760.43 | F10: =(($B10*$F11+$C10*$D10)/(1+Inputs!$B$6))+Inputs!$B$9-'Q2'!$O$2 -> 2464.8632 | G10: ='Q2'!$D10 -> 0.98678423 | H10: =$F10*$G10 -> 2432.2881
A11: 9 | B11: ='Q2'!$C11 -> 0.99745441 | C11: ='Q2'!$B11 -> 0.0025455868 | D11: ='Q2'!$G11 -> 187329.45 | F11: =(($B11*$F12+$C11*$D11)/(1+Inputs!$B$6))+Inputs!$B$9-'Q2'!$O$2 -> 2655.2059 | G11: ='Q2'!$D11 -> 0.98448272 | H11: =$F11*$G11 -> 2614.0044
A12: 10 | B12: ='Q2'!$C12 -> 0.99725 | C12: ='Q2'!$B12 -> 0.00275 | D12: ='Q2'!$G12 -> 192012.68 | F12: =(($B12*$F13+$C12*$D12)/(1+Inputs!$B$6))+Inputs!$B$9-'Q2'!$O$2 -> 2803.5007 | G12: ='Q2'!$D12 -> 0.98197664 | H12: =$F12*$G12 -> 2752.9722
A13: 11 | B13: ='Q2'!$C13 -> 0.99700217 | C13: ='Q2'!$B13 -> 0.0029978274 | D13: ='Q2'!$G13 -> 196813 | F13: =(($B13*$F14+$C13*$D13)/(1+Inputs!$B$6))+Inputs!$B$9-'Q2'!$O$2 -> 2907.4145 | G13: ='Q2'!$D13 -> 0.9792762 | H13: =$F13*$G13 -> 2847.1619
A14: 12 | B14: ='Q2'!$C14 -> 0.99676267 | C14: ='Q2'!$B14 -> 0.0032373309 | D14: ='Q2'!$G14 -> 201733.32 | F14: =(($B14*$F15+$C14*$D14)/(1+Inputs!$B$6))+Inputs!$B$9-'Q2'!$O$2 -> 2954.3697 | G14: ='Q2'!$D14 -> 0.9763405 | H14: =$F14*$G14 -> 2884.4708
... A20: 18 | B20: ='Q2'!$C20 -> 0.99469781 | C20: ='Q2'!$B20 -> 0.0053021928 | D20: ='Q2'!$G20 -> 233948.81 | F20: =(($B20*$F21+$C20*$D20)/(1+Inputs!$B$6))+Inputs!$B$9-'Q2'!$O$2 -> 1503.0067 | G20: ='Q2'!$D20 -> 0.95301856 | H20: =$F20*$G20 -> 1432.3933
A21: 19 | B21: ='Q2'!$C21 -> 0.99422714 | C21: ='Q2'!$B21 -> 0.0057728622 | D21: ='Q2'!$G21 -> 239797.53 | F21: =(($B21*$F22+$C21*$D21)/((1+Inputs!$B$6)))+Inputs!$B$9-'Q2'!$O$2 -> 838.94688 | G21: ='Q2'!$D21 -> 0.94796547 | H21: =$F21*$G21 -> 795.29267
A22: 20 | B22: ='Q2'!$C22 -> 0.99373779 | C22: ='Q2'!$B22 -> 0.0062622097 | D22: ='Q2'!$G22 -> 245792.47 | F22: =0 -> 0 | G22: ='Q2'!$D22 -> 0.94249299 | H22: =$F22*$G22 -> 0

Sheet Q4
A1: k | B1: CF_k | C1: TR_k | D1: PRO_k | E1: PS_k | F1: gactual | G1: P0 | H1: I0 | I1: f = P0/I0
A2: 0 | B2: =($F$2-Inputs!$B$8)*(1+Inputs!$B$6)+Inputs!$B$6*'Q3'!$F2-'Q3'!$C2*'Q3'!$D2 -> 1004.4757 | C2: =(('Q3'!$F2-Inputs!$B$8+'Q2'!$O$2)*(1+Inputs!$B$6)-Inputs!$B$4*((1+Inputs!$B$5)^'Q4'!$A2)*'Q3'!$C2)-'Q3'!$F2 -> 480.62402 | D2: =B2-C2 -> 523.85171 | E2: ='Q2'!$D2*'Q4'!$D2 -> 523.85171 | F2: ='Q2'!$P$2 -> 1395.8318 | G2: =SUMPRODUCT($E$2:$E$21,'Q2'!$H$2:$H$21)-'Q3'!$H$2 -> 7000 | H2: =$F$2*SUMPRODUCT('Q2'!H2:H21,'Q2'!D2:D21) -> 18651.886 | I2: =G2/H2 -> 0.37529717
A3: 1 | B3: =($F$2-Inputs!$B$9)*(1+Inputs!$B$6)+Inputs!$B$6*'Q3'!$F3-'Q3'!$C3*'Q3'!$D3 -> 847.05862 | C3: =(('Q3'!$F3-Inputs!$B$9+'Q2'!$O$2)*(1+Inputs!$B$6)-Inputs!$B$4*((1+Inputs!$B$5)^'Q4'!$A3)*'Q3'!$C3)-'Q3'!$F3 -> 323.20691 | D3: =B3-C3 -> 523.85171 | E3: ='Q2'!$D3*'Q4'!$D3 -> 523.19798 | F3: 1500 | G3: 8447.6327 | H3: 20043.84 | I3: 0.42145779
A4: 2 | B4: =($F$2-Inputs!$B$9)*(1+Inputs!$B$6)+Inputs!$B$6*'Q3'!$F4-'Q3'!$C4*'Q3'!$D4 -> 839.99973 | C4: =(('Q3'!$F4-Inputs!$B$9+'Q2'!$O$2)*(1+Inputs!$B$6)-Inputs!$B$4*((1+Inputs!$B$5)^'Q4'!$A4)*'Q3'!$C4)-'Q3'!$F4 -> 316.14803 | D4: =B4-C4 -> 523.85171 | E4: ='Q2'!$D4*'Q4'!$D4 -> 522.49066 | F4: =F3+250 -> 1750 | G4: 11921.898 | H4: 23384.481 | I4: 0.50982096
A5: 3 | B5: =($F$2-Inputs!$B$9)*(1+Inputs!$B$6)+Inputs!$B$6*'Q3'!$F5-'Q3'!$C5*'Q3'!$D5 -> 826.767 | C5: =(('Q3'!$F5-Inputs!$B$9+'Q2'!$O$2)*(1+Inputs!$B$6)-Inputs!$B$4*((1+Inputs!$B$5)^'Q4'!$A5)*'Q3'!$C5)-'Q3'!$F5 -> 302.91529 | D5: =B5-C5 -> 523.85171 | E5: ='Q2'!$D5*'Q4'!$D5 -> 521.73512 | F5: =F4+250 -> 2000 | G5: 15396.164 | H5: 26725.121 | I5: 0.57609334
A6: 4 | B6: =($F$2-Inputs!$B$9)*(1+Inputs!$B$6)+Inputs!$B$6*'Q3'!$F6-'Q3'!$C6*'Q3'!$D6 -> 811.78014 | C6: =(('Q3'!$F6-Inputs!$B$9+'Q2'!$O$2)*(1+Inputs!$B$6)-Inputs!$B$4*((1+Inputs!$B$5)^'Q4'!$A6)*'Q3'!$C6)-'Q3'!$F6 -> 287.92844 | D6: =B6-C6 -> 523.85171 | E6: ='Q2'!$D6*'Q4'!$D6 -> 520.91528 | F6: =F5+250 -> 2250 | G6: 18870.43 | H6: 30065.761 | I6: 0.62763853
A7: 5 | B7: =($F$2-Inputs!$B$9)*(1+Inputs!$B$6)+Inputs!$B$6*'Q3'!$F7-'Q3'!$C7*'Q3'!$D7 -> 793.16538 | C7: =(('Q3'!$F7-Inputs!$B$9+'Q2'!$O$2)*(1+Inputs!$B$6)-Inputs!$B$4*((1+Inputs!$B$5)^'Q4'!$A7)*'Q3'!$C7)-'Q3'!$F7 -> 269.31367 | D7: =B7-C7 -> 523.85171 | E7: ='Q2'!$D7*'Q4'!$D7 -> 520.03114 | F7: =F6+250 -> 2500 | G7: 22344.695 | H7: 33406.401 | I7: 0.66887467
A8: 6 | B8: =($F$2-Inputs!$B$9)*(1+Inputs!$B$6)+Inputs!$B$6*'Q3'!$F8-'Q3'!$C8*'Q3'!$D8 -> 770.57584 | C8: =(('Q3'!$F8-Inputs!$B$9+'Q2'!$O$2)*(1+Inputs!$B$6)-Inputs!$B$4*((1+Inputs!$B$5)^'Q4'!$A8)*'Q3'!$C8)-'Q3'!$F8 -> 246.72413 | D8: =B8-C8 -> 523.85171 | E8: ='Q2'!$D8*'Q4'!$D8 -> 519.07734 | F8: =F7+250 -> 2750 | G8: 25818.961 | H8: 36747.041 | I8: 0.70261334
A9: 7 | B9: =($F$2-Inputs!$B$9)*(1+Inputs!$B$6)+Inputs!$B$6*'Q3'!$F9-'Q3'!$C9*'Q3'!$D9 -> 739.94862 | C9: =(('Q3'!$F9-Inputs!$B$9+'Q2'!$O$2)*(1+Inputs!$B$6)-Inputs!$B$4*((1+Inputs!$B$5)^'Q4'!$A9)*'Q3'!$C9)-'Q3'!$F9 -> 216.09692 | D9: =B9-C9 -> 523.85171 | E9: ='Q2'!$D9*'Q4'!$D9 -> 518.04852 | F9: =F8+250 -> 3000 | G9: 29293.227 | H9: 40087.681 | I9: 0.73072889
A10: 8 | B10: =($F$2-Inputs!$B$9)*(1+Inputs!$B$6)+Inputs!$B$6*'Q3'!$F10-'Q3'!$C10*'Q3'!$D10 -> 708.00167 | C10: =(('Q3'!$F10-Inputs!$B$9+'Q2'!$O$2)*(1+Inputs!$B$6)-Inputs!$B$4*((1+Inputs!$B$5)^'Q4'!$A10)*'Q3'!$C10)-'Q3'!$F10 -> 184.14996 | D10: =B10-C10 -> 523.85171 | E10: ='Q2'!$D10*'Q4'!$D10 -> 516.9286 | F10: =F9+250 -> 3250 | G10: 32767.492 | H10: 43428.321 | I10: 0.75451898
A11: 9 | B11: =($F$2-Inputs!$B$9)*(1+Inputs!$B$6)+Inputs!$B$6*'Q3'!$F11-'Q3'!$C11*'Q3'!$D11 -> 665.0099 | C11: =(('Q3'!$F11-Inputs!$B$9+'Q2'!$O$2)*(1+Inputs!$B$6)-Inputs!$B$4*((1+Inputs!$B$5)^'Q4'!$A11)*'Q3'!$C11)-'Q3'!$F11 -> 141.15819 | D11: =B11-C11 -> 523.85171 | E11: ='Q2'!$D11*'Q4'!$D11 -> 515.72295 | F11: =F10+250 -> 3500 | G11: 36241.758 | H11: 46768.961 | I11: 0.77491048
A12: 10 | B12: =($F$2-Inputs!$B$9)*(1+Inputs!$B$6)+Inputs!$B$6*'Q3'!$F12-'Q3'!$C12*'Q3'!$D12 -> 619.77018 | C12: =(('Q3'!$F12-Inputs!$B$9+'Q2'!$O$2)*(1+Inputs!$B$6)-Inputs!$B$4*((1+Inputs!$B$5)^'Q4'!$A12)*'Q3'!$C12)-'Q3'!$F12 -> 95.91847 | D12: =B12-C12 -> 523.85171 | E12: ='Q2'!$D12*'Q4'!$D12 -> 514.41014 | F12: =F11+250 -> 3750 | G12: 39716.024 | H12: 50109.601 | I12: 0.79258312
A13: 11 | B13: =($F$2-Inputs!$B$9)*(1+Inputs!$B$6)+Inputs!$B$6*'Q3'!$F13-'Q3'!$C13*'Q3'!$D13 -> 561.95021 | C13: =(('Q3'!$F13-Inputs!$B$9+'Q2'!$O$2)*(1+Inputs!$B$6)-Inputs!$B$4*((1+Inputs!$B$5)^'Q4'!$A13)*'Q3'!$C13)-'Q3'!$F13 -> 38.098507 | D13: =B13-C13 -> 523.85171 | E13: ='Q2'!$D13*'Q4'!$D13 -> 512.99551 | F13: =F12+250 -> 4000 | G13: 43190.289 | H13: 53450.241 | I13: 0.80804667
A14: 12 | B14: =($F$2-Inputs!$B$9)*(1+Inputs!$B$6)+Inputs!$B$6*'Q3'!$F14-'Q3'!$C14*'Q3'!$D14 -> 500.76228 | C14: =(('Q3'!$F14-Inputs!$B$9+'Q2'!$O$2)*(1+Inputs!$B$6)-Inputs!$B$4*((1+Inputs!$B$5)^'Q4'!$A14)*'Q3'!$C14)-'Q3'!$F14 -> -23.089421 | D14: =B14-C14 -> 523.85171 | E14: ='Q2'!$D14*'Q4'!$D14 -> 511.45764
A15: 13 | B15: =($F$2-Inputs!$B$9)*(1+Inputs!$B$6)+Inputs!$B$6*'Q3'!$F15-'Q3'!$C15*'Q3'!$D15 -> 425.21023 | C15: =(('Q3'!$F15-Inputs!$B$9+'Q2'!$O$2)*(1+Inputs!$B$6)-Inputs!$B$4*((1+Inputs!$B$5)^'Q4'!$A15)*'Q3'!$C15)-'Q3'!$F15 -> -98.641475 | D15: =B15-C15 -> 523.85171 | E15: ='Q2'!$D15*'Q4'!$D15 -> 509.80188
A16: 14 | B16: =($F$2-Inputs!$B$9)*(1+Inputs!$B$6)+Inputs!$B$6*'Q3'!$F16-'Q3'!$C16*'Q3'!$D16 -> 338.23025 | C16: =(('Q3'!$F16-Inputs!$B$9+'Q2'!$O$2)*(1+Inputs!$B$6)-Inputs!$B$4*((1+Inputs!$B$5)^'Q4'!$A16)*'Q3'!$C16)-'Q3'!$F16 -> -185.62145 | D16: =B16-C16 -> 523.85171 | E16: ='Q2'!$D16*'Q4'!$D16 -> 508.0068
A17: 15 | B17: =($F$2-Inputs!$B$9)*(1+Inputs!$B$6)+Inputs!$B$6*'Q3'!$F17-'Q3'!$C17*'Q3'!$D17 -> 243.32178 | C17: =(('Q3'!$F17-Inputs!$B$9+'Q2'!$O$2)*(1+Inputs!$B$6)-Inputs!$B$4*((1+Inputs!$B$5)^'Q4'!$A17)*'Q3'!$C17)-'Q3'!$F17 -> -280.52992 | D17: =B17-C17 -> 523.85171 | E17: ='Q2'!$D17*'Q4'!$D17 -> 506.06169
A18: 16 | B18: =($F$2-Inputs!$B$9)*(1+Inputs!$B$6)+Inputs!$B$6*'Q3'!$F18-'Q3'!$C18*'Q3'!$D18 -> 128.04998 | C18: =(('Q3'!$F18-Inputs!$B$9+'Q2'!$O$2)*(1+Inputs!$B$6)-Inputs!$B$4*((1+Inputs!$B$5)^'Q4'!$A18)*'Q3'!$C18)-'Q3'!$F18 -> -395.80173 | D18: =B18-C18 -> 523.85171 | E18: ='Q2'!$D18*'Q4'!$D18 -> 503.96654
A19: 17 | B19: =($F$2-Inputs!$B$9)*(1+Inputs!$B$6)+Inputs!$B$6*'Q3'!$F19-'Q3'!$C19*'Q3'!$D19 -> -0.059088645 | C19: =(('Q3'!$F19-Inputs!$B$9+'Q2'!$O$2)*(1+Inputs!$B$6)-Inputs!$B$4*((1+Inputs!$B$5)^'Q4'!$A19)*'Q3'!$C19)-'Q3'!$F19 -> -523.91079 | D19: =B19-C19 -> 523.85171 | E19: ='Q2'!$D19*'Q4'!$D19 -> 501.69456
A20: 18 | B20: =($F$2-Inputs!$B$9)*(1+Inputs!$B$6)+Inputs!$B$6*'Q3'!$F20-'Q3'!$C20*'Q3'!$D20 -> -144.65639 | C20: =(('Q3'!$F20-Inputs!$B$9+'Q2'!$O$2)*(1+Inputs!$B$6)-Inputs!$B$4*((1+Inputs!$B$5)^'Q4'!$A20)*'Q3'!$C20)-'Q3'!$F20 -> -668.50809 | D20: =B20-C20 -> 523.85171 | E20: ='Q2'!$D20*'Q4'!$D20 -> 499.2404
A21: 19 | B21: =($F$2-Inputs!$B$9)*(1+Inputs!$B$6)+Inputs!$B$6*'Q3'!$F21-'Q3'!$C21*'Q3'!$D21 -> -315.09517 | C21: =(('Q3'!$F21-Inputs!$B$9+'Q2'!$O$2)*(1+Inputs!$B$6)-Inputs!$B$4*((1+Inputs!$B$5)^'Q4'!$A21)*'Q3'!$C21)-'Q3'!$F21 -> -838.94688 | D21: =B21-C21 -> 523.85171 | E21: ='Q2'!$D21*'Q4'!$D21 -> 496.59333
A22: 20
